employee_id,employee_name,employee_address,phone_no
20221001,Kenyon,"P.O. Box 792, 6965 Habitant Street",62965212
20221002,Shellie,"P.O. Box 461, 9714 Sociis Avenue",87867001
20221003,Dalton,"P.O. Box 266, 6427 Eu Rd.",87565462
20221004,Castor,Ap #366-5333 Fringilla Ave,57965514
20221005,Clayton,3842 Auctor Rd.,21066341
20221006,Blossom,Ap #678-4906 Imperdiet Street,12260241
20221007,Kenneth,"P.O. Box 622, 8409 Dolor. Rd.",67565027
20221008,Randall,Ap #693-7980 Sit Street,88560216
20221009,Yardley,Ap #807-995 Quisque Av.,62668138
20221010,Alana,833-8039 Amet Ave,54268285
20221011,Irma,"P.O. Box 300, 5433 Purus St.",37061347
20221012,Blythe,"243-6256 Iaculis, Av.",63665987
20221013,Walker,Ap #310-630 Donec St.,45160147
20221014,Tara,771-1247 Sed Rd.,51061766
20221015,Noble,"P.O. Box 160, 5297 Enim. Av.",49464887
20221016,Mark,434-441 Interdum Street,62161761
20221017,Emery,691-1606 Pede Avenue,51568655
20221018,Kyla,Ap #715-5006 Diam. Av.,20365929
20221019,Justin,403-383 Fusce Road,13764792
20221020,September,525 Aliquam Street,28661773
20221021,Keefe,4878 Aliquam Rd.,67762549
20221022,Zahir,763 At Street,73966942
20221023,Tate,Ap #188-2044 Aliquam Street,37163962
20221024,Cameron,4307 Eget Av.,84869561
20221025,Lucius,5750 Curabitur St.,57567123
20221026,Amal,Ap #951-4698 Sit St.,67768810
20221027,Morgan,1349 Iaculis Road,61468566
20221028,Anne,310-3670 Tristique Road,82468691
20221029,Kylie,Ap #736-8091 Mi Street,38462073
20221030,Imelda,"6360 Dui, Rd.",29763797
20221031,Jessica,"P.O. Box 847, 4397 Faucibus. Ave",37164161
20221032,Blossom,597-2173 Fusce Rd.,27164257
20221033,Bernard,"P.O. Box 582, 8577 Velit. St.",86466422
20221034,Kerry,Ap #634-4243 Lobortis Rd.,92568323
20221035,Gavin,534-1143 Curae Av.,94068172
20221036,Oren,527-7735 Phasellus Ave,62461830
20221037,Shoshana,4252 Sed Road,61666310
20221038,Madonna,Ap #439-1973 Interdum. Rd.,69263037
20221039,Lillith,414-7873 Nam Av.,94467339
20221040,Yasir,"P.O. Box 349, 6406 Nunc Av.",48663372
20221041,Virginia,8498 Curabitur Road,95764178
20221042,Alec,"578-8203 Tincidunt, St.",78566806
20221043,Odessa,6655 Adipiscing Ave,88465163
20221044,Hayden,"P.O. Box 328, 4026 Suspendisse Avenue",18760141
20221045,Gloria,182-8995 Condimentum. St.,22863064
20221046,Ryan,877-165 Urna. St.,85864748
20221047,Bernard,737-7228 Vestibulum Avenue,38360420
20221048,Clio,Ap #576-7044 Dolor St.,64361875
20221049,Shad,793-189 Erat Rd.,56368846
20221050,Amery,9185 Dui. Rd.,54862739
20221051,Raphael,Ap #554-736 Egestas Road,97867734
20221052,Ali,9583 Morbi Street,73663639
20221053,Bruce,"P.O. Box 196, 9291 Mollis Road",17268521
20221054,Dillon,2939 Nibh St.,52563462
20221055,Riley,"P.O. Box 633, 8380 Non Road",71363459
20221056,Elmo,Ap #907-1479 Faucibus Avenue,48760284
20221057,Dieter,5309 Eleifend Ave,68668863
20221058,Dorian,Ap #244-4547 Nulla. Rd.,22367848
20221059,Damon,979-6386 Egestas. Av.,68169667
20221060,Kevin,"P.O. Box 401, 6467 Vestibulum, Avenue",76965231
20221061,Jelani,900 Felis Rd.,40764728
20221062,Hyatt,720-1118 Sed Ave,50161776
20221063,Omar,Ap #240-587 Accumsan Av.,57869731
20221064,Charissa,744-4724 Arcu. Ave,21468016
20221065,Logan,"801-7587 Sed, St.",61565035
20221066,Bernard,Ap #759-6044 In Av.,60962632
20221067,Yuri,"P.O. Box 453, 3996 Massa. Rd.",88467164
20221068,Lani,Ap #460-3885 Mauris Ave,69660012
20221069,Wynne,831-2113 Amet Road,18266887
20221070,Savannah,152-546 Duis Street,68963423
20221071,Tate,1515 Ut Road,19965214
20221072,Selma,"P.O. Box 560, 7020 Mauris Ave",18667028
20221073,Dawn,Ap #122-4851 Scelerisque Rd.,13463714
20221074,Deirdre,Ap #210-9990 In St.,77767133
20221075,Alexander,979-5751 Cursus Rd.,47766952
20221076,Larissa,Ap #253-6992 Fusce Rd.,66463223
20221077,Patience,408-2807 Neque Ave,44566006
20221078,Yoko,"P.O. Box 697, 6656 Fringilla Avenue",48363444
20221079,Jorden,"P.O. Box 407, 3480 Primis Road",51662854
20221080,Francesca,353-9520 Erat Rd.,39365199
20221081,Troy,466-4233 Duis St.,37667941
20221082,Winter,241-8220 Amet St.,65969510
20221083,Ocean,"P.O. Box 242, 9302 Felis Road",68461581
20221084,Cruz,"P.O. Box 869, 429 Semper St.",79867547
20221085,Ainsley,9163 Habitant Street,52661680
20221086,Phelan,939-6160 Adipiscing Road,22363037
20221087,Phillip,772-5881 Morbi St.,62569126
20221088,Brett,Ap #584-5423 In St.,90169122
20221089,Suki,295-9564 Lectus. Road,55064432
20221090,Tucker,"P.O. Box 505, 9612 Fusce Avenue",55162771
20221091,Galvin,226-9900 Eu Ave,37665635
20221092,Zahir,Ap #329-7847 Ut Road,64660628
20221093,Vance,995-7025 Non Av.,71463077
20221094,Madeson,622-3808 Dolor. St.,73864373
20221095,Aurora,Ap #576-6695 Parturient Av.,54564736
20221096,Addison,"P.O. Box 916, 6153 Mi Av.",73261738
20221097,Hope,156-7948 Felis Av.,34867048
20221098,Renee,5394 Eu Road,41668142
20221099,Mira,Ap #510-7697 Ante Avenue,54763520
20221100,Cassidy,6178 Malesuada Road,38161587
